{
	"countries":
		[
			{	
				"country": "A",
				"region": "OC",
				"code": "AUS",
				"population_1975": 12925179,
				"arable_area_1975": 41283,
				"energy_consumption_1975": 57974,
				"gdp_per_capita_1975": 3798,
				"life_expectancy_women_1975": 73.76,
				"life_expectancy_men_1975": 67.04,
				"life_expectancy_1975": 70.26,
				"infant_mortality_1975": 19.33,
				"number_personal_computer_1975": 0,
				"indexed_population_1975": 0.010545315378442414,
				"indexed_energy_consumption_1975": 0.015716243380290852,
				"index_gdp_1975": 0.13058726447531288,

				"population_1976": 12925179,
				"arable_area_1976": 41283,
				"energy_consumption_1976": 57974,
				"gdp_per_capita_1976": 3798,
				"life_expectancy_women_1976": 73.76,
				"life_expectancy_men_1976": 67.04,
				"life_expectancy_1976": 70.26,
				"infant_mortality_1976": 19.33,
				"number_personal_computer_1976": 0,
				"indexed_population_1976": 0.010545315378442414,
				"indexed_energy_consumption_1976": 0.015716243380290852,
				"index_gdp_1976": 0.13058726447531288,

				"population_1977": 12925179,
				"arable_area_1977": 41283,
				"energy_consumption_1977": 57974,
				"gdp_per_capita_1977": 3798,
				"life_expectancy_women_1977": 73.76,
				"life_expectancy_men_1977": 67.04,
				"life_expectancy_1977": 70.26,
				"infant_mortality_1977": 19.33,
				"number_personal_computer_1977": 0,
				"indexed_population_1977": 0.010545315378442414,
				"indexed_energy_consumption_1977": 0.015716243380290852,
				"index_gdp_1977": 0.13058726447531288,

				"population_1978": 12925179,
				"arable_area_1978": 41283,
				"energy_consumption_1978": 57974,
				"gdp_per_capita_1978": 3798,
				"life_expectancy_women_1978": 73.76,
				"life_expectancy_men_1978": 67.04,
				"life_expectancy_1978": 70.26,
				"infant_mortality_1978": 19.33,
				"number_personal_computer_1978": 0,
				"indexed_population_1978": 0.010545315378442414,
				"indexed_energy_consumption_1978": 0.015716243380290852,
				"index_gdp_1978": 0.13058726447531288,

				"population_1979": 12925179,
				"arable_area_1979": 41283,
				"energy_consumption_1979": 57974,
				"gdp_per_capita_1979": 3798,
				"life_expectancy_women_1979": 73.76,
				"life_expectancy_men_1979": 67.04,
				"life_expectancy_1979": 70.26,
				"infant_mortality_1979": 19.33,
				"number_personal_computer_1979": 0,
				"indexed_population_1979": 0.010545315378442414,
				"indexed_energy_consumption_1979": 0.015716243380290852,
				"index_gdp_1979": 0.13058726447531288,

				"population_1980": 12925179,
				"arable_area_1980": 41283,
				"energy_consumption_1980": 57974,
				"gdp_per_capita_1980": 3798,
				"life_expectancy_women_1980": 73.76,
				"life_expectancy_men_1980": 67.04,
				"life_expectancy_1980": 70.26,
				"infant_mortality_1980": 19.33,
				"number_personal_computer_1980": 0,
				"indexed_population_1980": 0.010545315378442414,
				"indexed_energy_consumption_1980": 0.015716243380290852,
				"index_gdp_1980": 0.13058726447531288,

				"population_1981": 12925179,
				"arable_area_1981": 41283,
				"energy_consumption_1981": 57974,
				"gdp_per_capita_1981": 3798,
				"life_expectancy_women_1981": 73.76,
				"life_expectancy_men_1981": 67.04,
				"life_expectancy_1981": 70.26,
				"infant_mortality_1981": 19.33,
				"number_personal_computer_1981": 0,
				"indexed_population_1981": 0.010545315378442414,
				"indexed_energy_consumption_1981": 0.015716243380290852,
				"index_gdp_1981": 0.13058726447531288,

				"population_1982": 12925179,
				"arable_area_1982": 41283,
				"energy_consumption_1982": 57974,
				"gdp_per_capita_1982": 3798,
				"life_expectancy_women_1982": 73.76,
				"life_expectancy_men_1982": 67.04,
				"life_expectancy_1982": 70.26,
				"infant_mortality_1982": 19.33,
				"number_personal_computer_1982": 0,
				"indexed_population_1982": 0.010545315378442414,
				"indexed_energy_consumption_1982": 0.015716243380290852,
				"index_gdp_1982": 0.13058726447531288,

				"population_1983": 12925179,
				"arable_area_1983": 41283,
				"energy_consumption_1983": 57974,
				"gdp_per_capita_1983": 3798,
				"life_expectancy_women_1983": 73.76,
				"life_expectancy_men_1983": 67.04,
				"life_expectancy_1983": 70.26,
				"infant_mortality_1983": 19.33,
				"number_personal_computer_1983": 0,
				"indexed_population_1983": 0.010545315378442414,
				"indexed_energy_consumption_1983": 0.015716243380290852,
				"index_gdp_1983": 0.13058726447531288,
				"population_1984": 12925179,

				"arable_area_1984": 41283,
				"energy_consumption_1984": 57974,
				"gdp_per_capita_1984": 3798,
				"life_expectancy_women_1984": 73.76,
				"life_expectancy_men_1984": 67.04,
				"life_expectancy_1984": 70.26,
				"infant_mortality_1984": 19.33,
				"number_personal_computer_1984": 0,
				"indexed_population_1984": 0.010545315378442414,
				"indexed_energy_consumption_1984": 0.015716243380290852,
				"index_gdp_1984": 0.13058726447531288,

				"population_1985": 12925179,
				"arable_area_1985": 41283,
				"energy_consumption_1985": 57974,
				"gdp_per_capita_1985": 3798,
				"life_expectancy_women_1985": 73.76,
				"life_expectancy_men_1985": 67.04,
				"life_expectancy_1985": 70.26,
				"infant_mortality_1985": 19.33,
				"number_personal_computer_1985": 0,
				"indexed_population_1985": 0.010545315378442414,
				"indexed_energy_consumption_1985": 0.015716243380290852,
				"index_gdp_1985": 0.13058726447531288,

				"population_1986": 12925179,
				"arable_area_1986": 41283,
				"energy_consumption_1986": 57974,
				"gdp_per_capita_1986": 3798,
				"life_expectancy_women_1986": 73.76,
				"life_expectancy_men_1986": 67.04,
				"life_expectancy_1986": 70.26,
				"infant_mortality_1986": 19.33,
				"number_personal_computer_1986": 0,
				"indexed_population_1986": 0.010545315378442414,
				"indexed_energy_consumption_1986": 0.015716243380290852,
				"index_gdp_1986": 0.13058726447531288,

				"population_1987": 12925179,
				"arable_area_1987": 41283,
				"energy_consumption_1987": 57974,
				"gdp_per_capita_1987": 3798,
				"life_expectancy_women_1987": 73.76,
				"life_expectancy_men_1987": 67.04,
				"life_expectancy_1987": 70.26,
				"infant_mortality_1987": 19.33,
				"number_personal_computer_1987": 0,
				"indexed_population_1987": 0.010545315378442414,
				"indexed_energy_consumption_1987": 0.015716243380290852,
				"index_gdp_1987": 0.13058726447531288,

				"population_1988": 12925179,
				"arable_area_1988": 41283,
				"energy_consumption_1988": 57974,
				"gdp_per_capita_1988": 3798,
				"life_expectancy_women_1988": 73.76,
				"life_expectancy_men_1988": 67.04,
				"life_expectancy_1988": 70.26,
				"infant_mortality_1988": 19.33,
				"number_personal_computer_1988": 0,
				"indexed_population_1988": 0.010545315378442414,
				"indexed_energy_consumption_1988": 0.015716243380290852,
				"index_gdp_1988": 0.13058726447531288,

				"population_1989": 12925179,
				"arable_area_1989": 41283,
				"energy_consumption_1989": 57974,
				"gdp_per_capita_1989": 3798,
				"life_expectancy_women_1989": 73.76,
				"life_expectancy_men_1989": 67.04,
				"life_expectancy_1989": 70.26,
				"infant_mortality_1989": 19.33,
				"number_personal_computer_1989": 0,
				"indexed_population_1989": 0.010545315378442414,
				"indexed_energy_consumption_1989": 0.015716243380290852,
				"index_gdp_1989": 0.13058726447531288,

				"population_1990": 12925179,
				"arable_area_1990": 41283,
				"energy_consumption_1990": 57974,
				"gdp_per_capita_1990": 3798,
				"life_expectancy_women_1990": 73.76,
				"life_expectancy_men_1990": 67.04,
				"life_expectancy_1990": 70.26,
				"infant_mortality_1990": 19.33,
				"number_personal_computer_1990": 0,
				"indexed_population_1990": 0.010545315378442414,
				"indexed_energy_consumption_1990": 0.015716243380290852,
				"index_gdp_1990": 0.13058726447531288,

				"population_1991": 12925179,
				"arable_area_1991": 41283,
				"energy_consumption_1991": 57974,
				"gdp_per_capita_1991": 3798,